,Country,type2,tpm
1,CN-CRC,C,0.013712911
2,CN-CRC,C,0
3,CN-CRC,C,0.002514618
4,CN-CRC,C,0.063364066
5,CN-CRC,C,0.066082325
6,CN-CRC,C,0.001183608
7,CN-CRC,C,0.004492841
8,CN-CRC,C,0.01264574
9,CN-CRC,C,0.001551647
10,CN-CRC,C,0.001281046
11,CN-CRC,C,0.03166054
12,CN-CRC,C,0
13,CN-CRC,C,0
14,CN-CRC,C,0.007585127
15,CN-CRC,C,0.038119217
16,CN-CRC,C,0
17,CN-CRC,C,0
18,CN-CRC,C,0.051316343
19,CN-CRC,C,0
20,CN-CRC,C,0.029344686
21,CN-CRC,C,0.012813809
22,CN-CRC,C,0
23,CN-CRC,C,0.02810291
24,CN-CRC,C,0
25,CN-CRC,C,0.081019933
26,CN-CRC,C,0
27,CN-CRC,C,0
28,CN-CRC,C,0
29,CN-CRC,C,0
30,CN-CRC,C,0.021506793
31,CN-CRC,C,0.010350955
32,CN-CRC,C,0.018535103
33,CN-CRC,C,0.021738435
34,CN-CRC,C,0.056340383
35,CN-CRC,C,0
36,CN-CRC,C,0
37,CN-CRC,C,0.017393827
38,CN-CRC,C,0.002425439
39,CN-CRC,C,0.013762024
40,CN-CRC,C,0.001706635
41,CN-CRC,C,0.017500017
42,CN-CRC,C,0.00172209
43,CN-CRC,C,0.134091814
44,CN-CRC,C,0.155829186
45,CN-CRC,C,0
46,CN-CRC,C,0.008638573
47,CN-CRC,C,0.016880945
48,CN-CRC,C,0.005139131
49,CN-CRC,C,0
50,CN-CRC,C,0.025125396
51,CN-CRC,C,0.017406389
52,CN-CRC,C,0.055789954
53,CN-CRC,C,0.013069307
54,CN-CRC,C,0
55,CN-CRC,D,0.005374
56,CN-CRC,D,0
57,CN-CRC,D,0.000571
58,CN-CRC,D,0.003571
59,CN-CRC,D,0
60,CN-CRC,D,0
61,CN-CRC,D,0.00461
62,CN-CRC,D,0
63,CN-CRC,D,0.006416
64,CN-CRC,D,0.030326
65,CN-CRC,D,0.009839
66,CN-CRC,D,0.009851
67,CN-CRC,D,0.044036
68,CN-CRC,D,0
69,CN-CRC,D,0
70,CN-CRC,D,0
71,CN-CRC,D,0
72,CN-CRC,D,0
73,CN-CRC,D,0.008283
74,CN-CRC,D,0
75,CN-CRC,D,0.110155
76,CN-CRC,D,0
77,CN-CRC,D,0.000815
78,CN-CRC,D,0
79,CN-CRC,D,0.060636
80,CN-CRC,D,0
81,CN-CRC,D,0
82,CN-CRC,D,0.033699
83,CN-CRC,D,0
84,CN-CRC,D,0.003078
85,CN-CRC,D,0
86,CN-CRC,D,0.003086
87,CN-CRC,D,0.008216
88,CN-CRC,D,0
89,CN-CRC,D,0
90,CN-CRC,D,0.005863
91,CN-CRC,D,0.007491
92,CN-CRC,D,0.008163
93,CN-CRC,D,0.001674
94,CN-CRC,D,0
95,CN-CRC,D,0.022259
96,CN-CRC,D,0.053076
97,CN-CRC,D,0
98,CN-CRC,D,0
99,CN-CRC,D,0.000831
100,CN-CRC,D,0
101,CN-CRC,D,0.005071
102,CN-CRC,D,0
103,CN-CRC,D,0.034658
104,CN-CRC,D,0.008462
105,CN-CRC,D,0.019595
106,CN-CRC,D,0
107,CN-CRC,D,0.007879
108,CN-CRC,D,0
109,CN-CRC,D,0.028445
110,CN-CRC,D,0.014745
111,CN-CRC,D,0
112,CN-CRC,D,0.006689
113,CN-CRC,D,0.014765
114,CN-CRC,D,0
115,CN-CRC,D,0.100427
116,CN-CRC,D,0
117,CN-CRC,D,0.030151
118,CN-CRC,D,0
119,CN-CRC,D,0.006858
120,CN-CRC,D,0
121,CN-CRC,D,0.019864
122,CN-CRC,D,0
123,CN-CRC,D,0.044624
124,CN-CRC,D,0.006586
125,CN-CRC,D,0.001111
126,CN-CRC,D,0.026279
127,CN-CRC,D,0.01431
128,CN-CRC,D,0
129,CN-PHT,D,0
130,CN-PHT,D,0.01479
131,CN-PHT,D,0.002006
132,CN-PHT,D,0.000787
133,CN-PHT,D,0
134,CN-PHT,D,0.003574
135,CN-PHT,D,0.004336
136,CN-PHT,D,0.002974
137,CN-PHT,D,0.005442
138,CN-PHT,D,0.009502
139,CN-PHT,D,0
140,CN-PHT,D,0.003396
141,CN-PHT,D,0.000313
142,CN-PHT,D,0
143,CN-PHT,D,0
144,CN-PHT,D,0.002064
145,CN-PHT,D,0.001245
146,CN-PHT,D,0.009617
147,CN-PHT,D,0.002034
148,CN-PHT,D,0.001911
149,CN-PHT,D,0
150,CN-PHT,D,0.000746
151,CN-PHT,D,0.00428
152,CN-PHT,D,0.005924
153,CN-PHT,D,0.013971
154,CN-PHT,D,0.004049
155,CN-PHT,D,0.002562
156,CN-PHT,D,0.001341
157,CN-PHT,D,0.002811
158,CN-PHT,D,0.013846
159,CN-PHT,D,0
160,CN-PHT,D,0.001064
161,CN-PHT,D,0
162,CN-PHT,D,0.00127
163,CN-PHT,D,0
164,CN-PHT,D,0.00781
165,CN-PHT,D,0
166,CN-PHT,D,0.005353
167,CN-PHT,D,0
168,CN-PHT,D,0.006738
169,CN-PHT,D,0
170,CN-PHT,D,0.000316
171,CN-PHT,D,0.005937
172,CN-PHT,D,0
173,CN-PHT,D,0.008245
174,CN-PHT,D,0
175,CN-PHT,D,0.000669
176,CN-PHT,D,0.00103
177,CN-PHT,D,0.000855
178,CN-PHT,D,0.008237
179,CN-PHT,D,0.000241
180,CN-PHT,D,0.000662
181,CN-PHT,D,0
182,CN-PHT,D,0.001355
183,CN-PHT,D,0.251663
184,CN-PHT,D,0
185,CN-PHT,D,0.000207
186,CN-PHT,D,0
187,CN-PHT,D,0.003348
188,CN-PHT,D,0
189,CN-PHT,D,0.001345
190,CN-PHT,D,0.001302
191,CN-PHT,D,0.002963
192,CN-PHT,D,0.000871
193,CN-PHT,D,0
194,CN-PHT,D,0.000999
195,CN-PHT,D,0
196,CN-PHT,D,0.001444
197,CN-PHT,D,0
198,CN-PHT,D,0
199,CN-PHT,D,0
200,CN-PHT,D,0.012932
201,CN-PHT,D,0
202,CN-PHT,D,0.002397
203,CN-PHT,D,0.013473
204,CN-PHT,D,0
205,CN-PHT,D,0
206,CN-PHT,D,0
207,CN-PHT,D,0.00061
208,CN-PHT,D,0
209,CN-PHT,D,0.016825
210,CN-PHT,D,0.002621
211,CN-PHT,D,0.005988
212,CN-PHT,D,0
213,CN-PHT,D,0
214,CN-PHT,D,0.009297
215,CN-PHT,D,0
216,CN-PHT,D,0.003678
217,CN-PHT,D,0.035147
218,CN-PHT,D,0.005997
219,CN-PHT,D,0.004376
220,CN-PHT,D,0.003357
221,CN-PHT,D,0.006012
222,CN-PHT,D,0.001905
223,CN-PHT,D,0
224,CN-PHT,D,0.00289
225,CN-PHT,D,0.011135
226,CN-PHT,D,0.004194
227,CN-PHT,D,0
228,CN-PHT,D,0.010551
229,CN-PHT,D,0.008251
230,CN-PHT,D,0.004672
231,CN-PHT,D,0
232,CN-PHT,D,0
233,CN-PHT,D,0.005711
234,CN-PHT,D,0
235,CN-PHT,D,0.000969
236,CN-PHT,D,0.000693
237,CN-PHT,D,0
238,CN-PHT,D,0.001478
239,CN-PHT,D,0.001211
240,CN-PHT,D,0.0024
241,CN-PHT,D,0.002156
242,CN-PHT,D,0.00071
243,CN-PHT,D,0.012631
244,CN-PHT,D,0.006232
245,CN-PHT,D,0.004655
246,CN-PHT,D,0
247,CN-PHT,D,0.00115
248,CN-PHT,D,0.010491
249,CN-PHT,D,0.001673
250,CN-PHT,D,0
251,CN-PHT,D,0
252,CN-PHT,D,0.005774
253,CN-PHT,D,0.005302
254,CN-PHT,D,0.051711
255,CN-PHT,D,0.007783
256,CN-PHT,D,0
257,CN-PHT,D,0
258,CN-PHT,D,0
259,CN-PHT,D,0.002215
260,CN-PHT,D,0.00162
261,CN-PHT,D,0
262,CN-PHT,D,0.000479
263,CN-PHT,D,0
264,CN-PHT,D,0
265,CN-PHT,D,0.000747
266,CN-PHT,D,0.001498
267,CN-PHT,D,0
268,CN-PHT,D,0
269,CN-PHT,D,0
270,CN-PHT,D,0
271,CN-PHT,D,0.010512
272,CN-PHT,D,0.000669
273,CN-PHT,D,0.007928
274,CN-PHT,D,0.001238
275,CN-PHT,D,0.001107
276,CN-PHT,D,0
277,CN-PHT,D,0
278,CN-PHT,D,0.001472
279,CN-PHT,D,0
280,CN-PHT,D,0.003877
281,CN-PHT,D,0.003498
282,CN-PHT,D,0.026062
283,CN-PHT,D,0
284,CN-PHT,C,0
285,CN-PHT,C,0
286,CN-PHT,C,0
287,CN-PHT,C,0
288,CN-PHT,C,0.001317
289,CN-PHT,C,0.009675
290,CN-PHT,C,0.004226
291,CN-PHT,C,0.000449
292,CN-PHT,C,0.002003
293,CN-PHT,C,0.009147
294,CN-PHT,C,0.002926
295,CN-PHT,C,0.003606
296,CN-PHT,C,0
297,CN-PHT,C,0
298,CN-PHT,C,0.008988
299,CN-PHT,C,0.001469
300,CN-PHT,C,0.003074
301,CN-PHT,C,0.00521
302,CN-PHT,C,0.001555
303,CN-PHT,C,0.000643
304,CN-PHT,C,0
305,CN-PHT,C,0.003788
306,CN-PHT,C,0.006073
307,CN-PHT,C,0.004032
308,CN-PHT,C,0
309,CN-PHT,C,0.01053
310,CN-PHT,C,0.000272
311,CN-PHT,C,0.005058
312,CN-PHT,C,0.001076
313,CN-PHT,C,0.004644
314,CN-PHT,C,0.001604
315,CN-PHT,C,0.001822
316,CN-PHT,C,0
317,CN-PHT,C,0
318,CN-PHT,C,0.011247
319,CN-PHT,C,0.000783
320,CN-PHT,C,0.002399
321,CN-PHT,C,0.002061
322,CN-PHT,C,0.001146
323,CN-PHT,C,0
324,CN-PHT,C,0.00675
325,DE-CRC,D,0.07099
326,DE-CRC,D,0.003508
327,DE-CRC,D,0.027427
328,DE-CRC,D,0.003728
329,DE-CRC,D,0.001032
330,DE-CRC,D,0.014751
331,DE-CRC,D,0.006142
332,DE-CRC,D,0.01307
333,DE-CRC,D,0.006217
334,DE-CRC,D,0.007058
335,DE-CRC,D,0.004539
336,DE-CRC,D,0.02687
337,DE-CRC,D,0.008881
338,DE-CRC,D,0.00214
339,DE-CRC,D,0
340,DE-CRC,D,0
341,DE-CRC,D,0.012272
342,DE-CRC,D,0
343,DE-CRC,D,0.004785
344,DE-CRC,D,0
345,DE-CRC,D,0.000514
346,DE-CRC,D,0.004547
347,DE-CRC,C,0.005335
348,DE-CRC,C,0.002607
349,DE-CRC,C,0.026855
350,DE-CRC,C,0.004735
351,DE-CRC,C,0.002755
352,DE-CRC,C,0.007001
353,DE-CRC,C,0.002995
354,DE-CRC,C,0.004174
355,DE-CRC,C,0.00366
356,DE-CRC,C,0.005049
357,DE-CRC,C,0.004306
358,DE-CRC,C,0.024696
359,DE-CRC,C,0.005247
360,DE-CRC,C,0.010258
361,DE-CRC,C,0.007437
362,DE-CRC,C,0.006639
363,DE-CRC,C,0.001205
364,DE-CRC,C,0.012435
365,DE-CRC,C,0.013974
366,DE-CRC,C,0.007305
367,DE-CRC,C,0.015767
368,DE-CRC,C,0.014541
369,DE-CRC,C,0.001545
370,DE-CRC,C,0.003814
371,DE-CRC,C,0.019512
372,DE-CRC,C,0.003249
373,DE-CRC,C,0.011326
374,DE-CRC,C,0.001321
375,DE-CRC,C,0.007934
376,DE-CRC,C,0.011786
377,DE-CRC,C,0.003569
378,DE-CRC,C,0.004427
379,DE-CRC,C,0.006136
380,DE-CRC,C,0.00412
381,DE-CRC,C,0
382,DE-CRC,C,0.009679
383,DE-CRC,C,0.022293
384,DE-CRC,C,0.00785
385,DE-CRC,C,0.00479
386,DE-CRC,C,0.009599
387,DE-CRC,C,0.027393
388,DE-CRC,C,0.015896
389,DE-CRC,C,0.01016
390,DE-CRC,C,0.004297
391,DE-CRC,C,0.005496
392,DE-CRC,C,0.008117
393,DE-CRC,C,0.002549
394,DE-CRC,C,0.015909
395,DE-CRC,C,0.054193
396,DE-CRC,C,0.012925
397,DE-CRC,C,0
398,DE-CRC,C,0.008045
399,DE-CRC,C,0.023638
400,DE-CRC,C,0.003823
401,DE-CRC,C,0.014715
402,DE-CRC,C,0.111244
403,DE-CRC,C,0.009065
404,DE-CRC,C,0.018806
405,DE-CRC,C,0.022838
406,DE-CRC,C,0.018625
407,DE2-CRC,D,0.018441
408,DE2-CRC,D,0.014455
409,DE2-CRC,D,0.016318
410,DE2-CRC,D,0.023328
411,DE2-CRC,D,0
412,DE2-CRC,D,0.002677
413,DE2-CRC,D,0
414,DE2-CRC,D,0
415,DE2-CRC,D,0
416,DE2-CRC,D,0
417,DE2-CRC,D,0
418,DE2-CRC,D,0
419,DE2-CRC,D,0
420,DE2-CRC,D,0
421,DE2-CRC,D,0
422,DE2-CRC,D,0.006894
423,DE2-CRC,D,0.006606
424,DE2-CRC,D,0
425,DE2-CRC,D,0
426,DE2-CRC,D,0
427,DE2-CRC,D,0
428,DE2-CRC,D,0.016122
429,DE2-CRC,D,0.014243
430,DE2-CRC,D,0.012157
431,DE2-CRC,D,0.01464
432,DE2-CRC,D,0.002941
433,DE2-CRC,D,0.00278
434,DE2-CRC,D,0.002624
435,DE2-CRC,D,0.003335
436,DE2-CRC,D,0
437,DE2-CRC,D,0
438,DE2-CRC,D,0
439,DE2-CRC,D,0
440,DE2-CRC,D,0
441,DE2-CRC,D,0.002096
442,DE2-CRC,D,0
443,DE2-CRC,D,0
444,DE2-CRC,D,0
445,DE2-CRC,D,0
446,DE2-CRC,D,0
447,DE2-CRC,D,0
448,DE2-CRC,D,0.009948
449,DE2-CRC,D,0.012134
450,DE2-CRC,D,0.012143
451,DE2-CRC,D,0.008662
452,DE2-CRC,D,0.022581
453,DE2-CRC,D,0.021558
454,DE2-CRC,D,0.013939
455,DE2-CRC,D,0.017907
456,DE2-CRC,D,0
457,DE2-CRC,D,0
458,DE2-CRC,D,0
459,DE2-CRC,D,0
460,DE2-CRC,D,0.001425
461,DE2-CRC,D,0
462,DE2-CRC,D,0.001939
463,DE2-CRC,D,0
464,DE2-CRC,D,0
465,DE2-CRC,D,0.001214
466,DE2-CRC,D,0.001588
467,DE2-CRC,D,0.002106
468,DE2-CRC,D,0
469,DE2-CRC,D,0
470,DE2-CRC,D,0
471,DE2-CRC,D,0
472,DE2-CRC,D,0
473,DE2-CRC,D,0
474,DE2-CRC,D,0
475,DE2-CRC,D,0
476,DE2-CRC,D,0
477,DE2-CRC,D,0.007271
478,DE2-CRC,D,0
479,DE2-CRC,D,0.003478
480,DE2-CRC,D,0.01217
481,DE2-CRC,D,0.012021
482,DE2-CRC,D,0.006542
483,DE2-CRC,D,0.014432
484,DE2-CRC,D,0
485,DE2-CRC,D,0
486,DE2-CRC,D,0
487,DE2-CRC,D,0
488,DE2-CRC,D,0
489,DE2-CRC,D,0.003159
490,DE2-CRC,D,0
491,DE2-CRC,D,0.002968
492,DE2-CRC,D,0.064686
493,DE2-CRC,D,0.032812
494,DE2-CRC,D,0.040615
495,DE2-CRC,D,0.030365
496,DE2-CRC,D,0.00514
497,DE2-CRC,D,0.013532
498,DE2-CRC,D,0.009873
499,DE2-CRC,D,0.01935
500,DE2-CRC,D,0
501,DE2-CRC,D,0
502,DE2-CRC,D,0
503,DE2-CRC,D,0.002449
504,DE2-CRC,D,0.008953
505,DE2-CRC,D,0.006321
506,DE2-CRC,D,0.005815
507,DE2-CRC,D,0.007827
508,DE2-CRC,D,0
509,DE2-CRC,D,0
510,DE2-CRC,D,0.001059
511,DE2-CRC,D,0
512,DE2-CRC,D,0
513,DE2-CRC,D,0
514,DE2-CRC,D,0
515,DE2-CRC,D,0
516,DE2-CRC,D,0
517,DE2-CRC,D,0
518,DE2-CRC,D,0
519,DE2-CRC,D,0
520,DE2-CRC,D,0.005932
521,DE2-CRC,D,0.006134
522,DE2-CRC,D,0
523,DE2-CRC,D,0
524,DE2-CRC,D,0
525,DE2-CRC,D,0
526,DE2-CRC,D,0
527,DE2-CRC,D,0
528,DE2-CRC,D,0
529,DE2-CRC,D,0
530,DE2-CRC,D,0
531,DE2-CRC,D,0
532,DE2-CRC,D,0
533,DE2-CRC,D,0
534,DE2-CRC,D,0.015255
535,DE2-CRC,D,0.013648
536,DE2-CRC,D,0.009717
537,DE2-CRC,D,0.013097
538,DE2-CRC,D,0.027061
539,DE2-CRC,D,0.025841
540,DE2-CRC,D,0.032024
541,DE2-CRC,D,0.020754
542,DE2-CRC,D,0.005321
543,DE2-CRC,D,0.002891
544,DE2-CRC,D,0.004857
545,DE2-CRC,D,0.00781
546,DE2-CRC,D,0
547,DE2-CRC,D,0
548,DE2-CRC,D,0
549,DE2-CRC,D,0
550,DE2-CRC,D,0.001609
551,DE2-CRC,D,0.005057
552,DE2-CRC,D,0.001527
553,DE2-CRC,D,0.006375
554,DE2-CRC,D,0.011333
555,DE2-CRC,D,0.036057
556,DE2-CRC,D,0.007957
557,DE2-CRC,D,0.026021
558,DE2-CRC,C,0.007779
559,DE2-CRC,C,0.007866
560,DE2-CRC,C,0.007965
561,DE2-CRC,C,0.008646
562,DE2-CRC,C,0.004611
563,DE2-CRC,C,0.007063
564,DE2-CRC,C,0
565,DE2-CRC,C,0
566,DE2-CRC,C,0
567,DE2-CRC,C,0
568,DE2-CRC,C,0
569,DE2-CRC,C,0
570,DE2-CRC,C,0.014455
571,DE2-CRC,C,0.013808
572,DE2-CRC,C,0.013276
573,DE2-CRC,C,0.017183
574,DE2-CRC,C,0.022858
575,DE2-CRC,C,0.039723
576,DE2-CRC,C,0.0162
577,DE2-CRC,C,0.022348
578,DE2-CRC,C,0.021602
579,DE2-CRC,C,0.031504
580,DE2-CRC,C,0.021301
581,DE2-CRC,C,0.041376
582,DE2-CRC,C,0.046156
583,DE2-CRC,C,0.042714
584,DE2-CRC,C,0.053308
585,DE2-CRC,C,0
586,DE2-CRC,C,0
587,DE2-CRC,C,0.00397
588,DE2-CRC,C,0.005986
589,DE2-CRC,C,0.003691
590,DE2-CRC,C,0.004211
591,FR-CRC,D,0
592,FR-CRC,D,0.016271
593,FR-CRC,D,0
594,FR-CRC,D,0
595,FR-CRC,D,0
596,FR-CRC,D,0
597,FR-CRC,D,0
598,FR-CRC,D,0
599,FR-CRC,D,0.006657
600,FR-CRC,D,0
601,FR-CRC,D,0.010103
602,FR-CRC,D,0.012087
603,FR-CRC,D,0.006468
604,FR-CRC,D,0
605,FR-CRC,D,0.013618
606,FR-CRC,D,0
607,FR-CRC,D,0
608,FR-CRC,D,0
609,FR-CRC,D,0
610,FR-CRC,D,0.007961
611,FR-CRC,D,0.00296
612,FR-CRC,D,0.003065
613,FR-CRC,D,0
614,FR-CRC,D,0.004492
615,FR-CRC,D,0.006603
616,FR-CRC,D,0.008718
617,FR-CRC,D,0
618,FR-CRC,D,0
619,FR-CRC,D,0
620,FR-CRC,D,0
621,FR-CRC,D,0.005627
622,FR-CRC,D,0.037931
623,FR-CRC,C,0
624,FR-CRC,C,0.008024
625,FR-CRC,C,0
626,FR-CRC,C,
627,FR-CRC,C,0.000878
628,FR-CRC,C,0
629,FR-CRC,C,0
630,FR-CRC,C,0
631,FR-CRC,C,0
632,FR-CRC,C,0
633,FR-CRC,C,0.005427
634,FR-CRC,C,0
635,FR-CRC,C,0.001345
636,FR-CRC,C,0
637,FR-CRC,C,0
638,FR-CRC,C,0
639,FR-CRC,C,0
640,FR-CRC,C,0
641,FR-CRC,C,0.009554
642,FR-CRC,C,0
643,FR-CRC,C,0.04838
644,FR-CRC,C,0
645,FR-CRC,C,0.001314
646,FR-CRC,C,0
647,FR-CRC,C,0
648,FR-CRC,C,0.006298
649,FR-CRC,C,0.010862
650,FR-CRC,C,0.004919
651,FR-CRC,C,0.004548
652,FR-CRC,C,0.035449
653,FR-CRC,C,0.007977
654,FR-CRC,C,0.008768
655,FR-CRC,C,0
656,FR-CRC,C,0.009564
657,FR-CRC,C,0
658,FR-CRC,C,0
659,FR-CRC,C,0
660,FR-CRC,C,0.018251
661,FR-CRC,C,0.003238
662,FR-CRC,C,0.001924
663,FR-CRC,C,0
664,FR-CRC,C,0
665,FR-CRC,C,0
666,FR-CRC,C,0.001655
667,FR-CRC,C,0
668,FR-CRC,C,0
669,FR-CRC,C,0.050109
670,FR-CRC,C,0
671,FR-CRC,C,0
672,FR-CRC,C,0.005385
673,FR-CRC,C,0
674,FR-CRC,C,0.008451
675,FR-CRC,C,0.002187
676,FR-CRC,C,0
677,FR-CRC,C,0
678,FR-CRC,C,0
679,FR-CRC,C,0
680,FR-CRC,C,0
681,FR-CRC,C,0
682,FR-CRC,C,0.006601
683,FR-CRC,C,0.001943
684,FR-CRC,C,0.006995
685,FR-CRC,C,0
686,FR-CRC,C,0.009542
687,FR-CRC,C,0.013973
688,FR-CRC,C,0
689,FR-CRC,C,0
690,FR-CRC,C,0
691,FR-CRC,C,0
692,FR-CRC,C,0
693,FR-CRC,C,0
694,FR-CRC,C,0
695,PE-Obese,C,0.003248
696,PE-Obese,C,0
697,PE-Obese,C,0
698,PE-Obese,C,0
699,PE-Obese,C,0
700,PE-Obese,C,0
701,PE-Obese,C,0
702,PE-Obese,C,0
703,PE-Obese,C,0.015723
704,PE-Obese,C,0
705,PE-Obese,C,0
706,PE-Obese,C,0
707,PE-Obese,C,0
708,PE-Obese,C,0.005507
709,PE-Obese,C,0.006423
710,PE-Obese,C,0
711,PE-Obese,C,0.001939
712,PE-Obese,C,0.010662
713,PE-Obese,C,0.009437
714,PE-Obese,C,0.001895
715,PE-Obese,C,0.018785
716,PE-Obese,C,0
717,PE-Obese,C,0.009786
718,PE-Obese,C,0.002536
719,PE-Obese,C,0.00923
720,PE-Obese,C,0.017442
721,PE-Obese,C,0
722,PE-Obese,C,0
723,PE-Obese,D,0
724,PE-Obese,D,0
725,PE-Obese,D,0
726,PE-Obese,D,0
727,PE-Obese,D,0.005032
728,PE-Obese,D,0.003806
729,PE-Obese,D,0.011686
730,US-CRC,C,0.005987
731,US-CRC,C,0.001468
732,US-CRC,C,0.018888
733,US-CRC,C,0.00264
734,US-CRC,C,0.004902
735,US-CRC,C,0.002725
736,US-CRC,C,0.028832
737,US-CRC,C,0
738,US-CRC,C,0.019559
739,US-CRC,C,0.002498
740,US-CRC,C,0.006949
741,US-CRC,C,0.019056
742,US-CRC,C,0.012344
743,US-CRC,C,0.019591
744,US-CRC,C,0.069762
745,US-CRC,C,0.009635
746,US-CRC,C,0
747,US-CRC,C,0.001178
748,US-CRC,C,0.006552
749,US-CRC,C,0.043896
750,US-CRC,C,0.036295
751,US-CRC,C,0.001403
752,US-CRC,C,0.006673
753,US-CRC,C,0
754,US-CRC,C,0.009665
755,US-CRC,C,0.012686
756,US-CRC,C,0.024381
757,US-CRC,C,0.002982
758,US-CRC,C,0.000573
759,US-CRC,C,0.001658
760,US-CRC,C,0.009863
761,US-CRC,C,0.003201
762,US-CRC,C,0.007086
763,US-CRC,C,0.004473
764,US-CRC,C,0.030485
765,US-CRC,C,0.00168
766,US-CRC,C,0.004054
767,US-CRC,C,0.008773
768,US-CRC,C,0.003355
769,US-CRC,C,0.011805
770,US-CRC,C,0.003549
771,US-CRC,C,0.004887
772,US-CRC,C,0.000212
773,US-CRC,C,0.003246
774,US-CRC,C,0.01298
775,US-CRC,C,0.001283
776,US-CRC,C,0
777,US-CRC,C,0
778,US-CRC,C,0.012717
779,US-CRC,C,0
780,US-CRC,C,0.008607
781,US-CRC,C,0.042331
782,US-CRC,C,0.012849
783,US-CRC,C,0.003604
784,US-CRC,C,0.045354
785,US-CRC,C,0.01889
786,US-CRC,C,0
787,US-CRC,C,0
788,US-CRC,C,0.00419
789,US-CRC,C,0.009869
790,US-CRC,C,0.001792
791,US-CRC,C,0.016157
792,US-CRC,C,0
793,US-CRC,C,0.00856
794,US-CRC,C,0.012558
795,US-CRC,C,0.002002
796,US-CRC,C,0.001743
797,US-CRC,D,0.007547
798,US-CRC,D,0.084465
799,US-CRC,D,0.02009
800,US-CRC,D,0.000739
801,US-CRC,D,0.004644
802,US-CRC,D,0
803,US-CRC,D,0.000986
804,US-CRC,D,0.004385
805,US-CRC,D,0.00657
806,US-CRC,D,0.002596
807,US-CRC,D,0
808,US-CRC,D,0
809,US-CRC,D,0
810,US-CRC,D,0.004618
811,US-CRC,D,0
812,US-CRC,D,0
813,US-CRC,D,0.007491
814,US-CRC,D,0
815,US-CRC,D,0.010518
816,US-CRC,D,0
817,US-CRC,D,0.029343
818,US-CRC,D,0.000583
819,US-CRC,D,0.010775
820,US-CRC,D,0
821,US-CRC,D,0.001845
822,US-CRC,D,0.00811
823,US-CRC,D,0.004636
824,US-CRC,D,0.005575
825,US-CRC,D,0.001161
826,US-CRC,D,0.016602
827,US-CRC,D,0.006097
828,US-CRC,D,0.001674
829,US-CRC,D,0.004733
830,US-CRC,D,0
831,US-CRC,D,0.043797
832,US-CRC,D,0.002085
833,US-CRC,D,0
834,US-IBD,D,0.00813
835,US-IBD,D,0
836,US-IBD,D,0
837,US-IBD,D,0
838,US-IBD,D,0.010381
839,US-IBD,D,0.039471
840,US-IBD,D,0.017746
841,US-IBD,D,0
842,US-IBD,D,0.108723
843,US-IBD,D,0
844,US-IBD,D,0
845,US-IBD,D,0
846,US-IBD,D,0
847,US-IBD,D,0
848,US-IBD,D,0
849,US-IBD,D,0.036766
850,US-IBD,D,0.131451
851,US-IBD,D,0
852,US-IBD,D,0.167945
853,US-IBD,D,0
854,US-IBD,D,0
855,US-IBD,D,0
856,US-IBD,D,0
857,US-IBD,D,0
858,US-IBD,D,0
859,US-IBD,D,0.554138
860,US-IBD,D,0
861,US-IBD,D,0.057805
862,US-IBD,D,0.115105
863,US-IBD,D,0.037454
864,US-IBD,D,0
865,US-IBD,D,0
866,US-IBD,D,0
867,US-IBD,D,0
868,US-IBD,D,0.04742
869,US-IBD,D,0
870,US-IBD,D,0
871,US-IBD,D,0
872,US-IBD,D,0.028708
873,US-IBD,D,0.165787
874,US-IBD,D,0.014582
875,US-IBD,D,0
876,US-IBD,D,0
877,US-IBD,D,0
878,US-IBD,D,0
879,US-IBD,D,0
880,US-IBD,D,0
881,US-IBD,D,0
882,US-IBD,D,0
883,US-IBD,D,0
884,US-IBD,D,0
885,US-IBD,D,0
886,US-IBD,D,0.291129
887,US-IBD,D,0
888,US-IBD,D,0
889,US-IBD,D,0
890,US-IBD,D,0
891,US-IBD,D,0
892,US-IBD,D,0
893,US-IBD,D,0
894,US-IBD,D,0
895,US-IBD,D,0
896,US-IBD,D,0
897,US-IBD,D,0
898,US-IBD,D,0
899,US-IBD,D,0
900,US-IBD,D,0
901,US-IBD,D,0
902,US-IBD,D,0
903,US-IBD,D,0
904,US-IBD,D,0
905,US-IBD,D,0
906,US-IBD,D,0
907,US-IBD,D,0.037744
908,US-IBD,D,0
909,US-IBD,D,0
910,US-IBD,D,0
911,US-IBD,D,0
912,US-IBD,D,0
913,US-IBD,D,0
914,US-IBD,D,0
915,US-IBD,D,0
916,US-IBD,D,0
917,US-IBD,D,0
918,US-IBD,D,0.047915
919,US-IBD,D,0
920,US-IBD,D,0
921,US-IBD,D,0
922,US-IBD,D,0
923,US-IBD,D,0
924,US-IBD,D,0
925,US-IBD,D,0
926,US-IBD,D,0
927,US-IBD,D,0
928,US-IBD,D,0
929,US-IBD,D,0.137641
930,US-IBD,D,0.171229
931,US-IBD,D,0
932,US-IBD,D,0
933,US-IBD,D,0
934,US-IBD,D,0
935,US-IBD,D,0
936,US-IBD,D,0
937,US-IBD,D,0
938,US-IBD,D,0
939,US-IBD,D,0
940,US-IBD,D,0
941,US-IBD,D,0
942,US-IBD,D,0
943,US-IBD,D,0.112098
944,US-IBD,D,0.010015
945,US-IBD,D,0
946,US-IBD,D,0
947,US-IBD,D,0
948,US-IBD,D,0
949,US-IBD,D,0
950,US-IBD,D,0
951,US-IBD,D,0.049831
952,US-IBD,D,0
953,US-IBD,D,0
954,US-IBD,D,0
955,US-IBD,D,0
956,US-IBD,D,0
957,US-IBD,D,0
958,US-IBD,D,0
959,US-IBD,D,0
960,US-IBD,D,0
961,US-IBD,D,0.032253
962,US-IBD,D,0
963,US-IBD,D,0
964,US-IBD,D,0
965,US-IBD,D,0.039549
966,US-IBD,D,0
967,US-IBD,D,0
968,US-IBD,D,0
969,US-IBD,D,0
970,US-IBD,D,0
971,US-IBD,D,0
972,US-IBD,D,0.010119
973,US-IBD,D,0
974,US-IBD,D,0
975,US-IBD,D,0.04247
976,US-IBD,D,0.067663
977,US-IBD,D,0
978,US-IBD,D,0
979,US-IBD,D,0
980,US-IBD,D,0
981,US-IBD,D,0
982,US-IBD,D,0
983,US-IBD,D,0.035145
984,US-IBD,D,0.026252
985,US-IBD,D,0
986,US-IBD,D,0
987,US-IBD,D,0
988,US-IBD,D,0
989,US-IBD,D,0
990,US-IBD,D,0
991,US-IBD,D,0
992,US-IBD,D,0
993,US-IBD,D,0.153979
994,US-IBD,D,0
995,US-IBD,D,0
996,US-IBD,D,0
997,US-IBD,D,0
998,US-IBD,D,0.016343
999,US-IBD,D,0
1000,US-IBD,D,0.17732
1001,US-IBD,D,0.109362
1002,US-IBD,D,0
1003,US-IBD,D,0.051636
1004,US-IBD,D,0.148958
1005,US-IBD,D,0
1006,US-IBD,D,0
1007,US-IBD,D,0
1008,US-IBD,D,0
1009,US-IBD,D,0
1010,US-IBD,D,0
1011,US-IBD,D,0
1012,US-IBD,D,0.024802
1013,US-IBD,D,0.027246
1014,US-IBD,D,0.055461
1015,US-IBD,D,0.010863
1016,US-IBD,D,0.027287
1017,US-IBD,D,0.036483
1018,US-IBD,D,0
1019,US-IBD,D,0
1020,US-IBD,D,0.022373
1021,US-IBD,D,0.019095
1022,US-IBD,D,0
1023,US-IBD,D,0.047068
1024,US-IBD,D,0.211658
1025,US-IBD,D,0
1026,US-IBD,D,0.113312
1027,US-IBD,D,0.026121
1028,US-IBD,D,0
1029,US-IBD,D,0
1030,US-IBD,D,0.024496
1031,US-IBD,D,0.039127
1032,US-IBD,D,0
1033,US-IBD,D,0.033956
1034,US-IBD,D,0
1035,US-IBD,D,0.039271
1036,US-IBD,D,0
1037,US-IBD,D,0
1038,US-IBD,D,0
1039,US-IBD,D,0
1040,US-IBD,D,0.020887
1041,US-IBD,D,0.043399
1042,US-IBD,D,0
1043,US-IBD,D,0.075419
1044,US-IBD,D,0
1045,US-IBD,D,0
1046,US-IBD,D,0
1047,US-IBD,D,0
1048,US-IBD,D,0
1049,US-IBD,D,0
1050,US-IBD,D,0
1051,US-IBD,D,0
1052,US-IBD,D,0
1053,US-IBD,D,0
1054,US-IBD,D,0
1055,US-IBD,D,0
1056,US-IBD,D,0
1057,US-IBD,D,0
1058,US-IBD,D,0
1059,US-IBD,D,0
1060,US-IBD,D,0
1061,US-IBD,D,0
1062,US-IBD,D,0
1063,US-IBD,D,0
1064,US-IBD,D,0
1065,US-IBD,D,0
1066,US-IBD,D,0.08085
1067,US-IBD,D,0
1068,US-IBD,D,0.075513
1069,US-IBD,D,0
1070,US-IBD,D,0
1071,US-IBD,D,0.163662
1072,US-IBD,D,0
1073,US-IBD,D,0.055796
1074,US-IBD,D,0
1075,US-IBD,D,0
1076,US-IBD,D,0
1077,US-IBD,D,0
1078,US-IBD,D,0
1079,US-IBD,D,0
1080,US-IBD,D,0.066737
1081,US-IBD,D,0
1082,US-IBD,D,0.026333
1083,US-IBD,D,0.04119
1084,US-IBD,D,0
1085,US-IBD,D,0
1086,US-IBD,D,0
1087,US-IBD,D,0
1088,US-IBD,D,0
1089,US-IBD,D,0
1090,US-IBD,D,0.065074
1091,US-IBD,D,0
1092,US-IBD,D,0.018111
1093,US-IBD,D,0
1094,US-IBD,D,0
1095,US-IBD,D,0.121317
1096,US-IBD,D,0
1097,US-IBD,D,0
1098,US-IBD,D,0
1099,US-IBD,D,0.009236
1100,US-IBD,D,0
1101,US-IBD,D,0
1102,US-IBD,D,0
1103,US-IBD,D,0
1104,US-IBD,D,0.103555
1105,US-IBD,D,0.039932
1106,US-IBD,D,0
1107,US-IBD,D,0
1108,US-IBD,D,0
1109,US-IBD,D,0.255788
1110,US-IBD,D,0
1111,US-IBD,D,0
1112,US-IBD,D,0
1113,US-IBD,D,0
1114,US-IBD,D,0
1115,US-IBD,D,0
1116,US-IBD,D,0
1117,US-IBD,D,0
1118,US-IBD,D,0
1119,US-IBD,D,0.055701
1120,US-IBD,D,0.077938
1121,US-IBD,D,0
1122,US-IBD,D,0.046611
1123,US-IBD,C,0
1124,US-IBD,C,0
1125,US-IBD,C,0
1126,US-IBD,C,0
1127,US-IBD,C,0
1128,US-IBD,C,0
1129,US-IBD,C,0
1130,US-IBD,C,0
1131,US-IBD,C,0
1132,US-IBD,C,0
1133,US-IBD,C,0.03665
1134,US-IBD,C,0
1135,US-IBD,C,0
1136,US-IBD,C,0
1137,US-IBD,C,0
1138,US-IBD,C,0.024643
1139,US-IBD,C,0
1140,US-IBD,C,0
1141,US-IBD,C,0
1142,US-IBD,C,0
1143,US-IBD,C,0
1144,US-IBD,C,0
1145,US-IBD,C,0
1146,US-IBD,C,0
1147,US-IBD,C,0.030121
1148,US-IBD,C,0
1149,US-IBD,C,0
1150,US-IBD,C,0
1151,US-IBD,C,0.035942
1152,US-IBD,C,0
1153,US-IBD,C,0
1154,US-IBD,C,0
1155,US-IBD,C,0
1156,US-IBD,C,0
1157,US-IBD,C,0.046599
1158,US-IBD,C,0
1159,US-IBD,C,0
1160,US-IBD,C,0
1161,US-IBD,C,0
1162,US-IBD,C,0
1163,US-IBD,C,0.019414
1164,US-IBD,C,0
1165,US-IBD,C,0.019402
1166,US-IBD,C,0.020553
1167,US-IBD,C,0.035578
1168,US-IBD,C,0
1169,US-IBD,C,0
1170,US-IBD,C,0.05662
1171,US-IBD,C,0
1172,US-IBD,C,0
1173,US-IBD,C,0
1174,US-IBD,C,0
1175,US-IBD,C,0.056628
1176,US-IBD,C,0.013681
1177,US-IBD,C,0
1178,US-IBD,C,0
1179,US-IBD,C,0
1180,US-IBD,C,0
1181,US-IBD,C,0
1182,US-IBD,C,0
1183,US-IBD,C,0
1184,US-IBD,C,0
1185,US-IBD,C,0
1186,US-IBD,C,0.026757
1187,US-IBD,C,0
1188,SE-Diabetic,C,0.019451958
1189,SE-Diabetic,C,0.015159453
1190,SE-Diabetic,C,0.062401899
1191,SE-Diabetic,C,0.068070172
1192,SE-Diabetic,C,0.009666292
1193,SE-Diabetic,C,0.002499077
1194,SE-Diabetic,C,0.028785796
1195,SE-Diabetic,C,0.031982942
1196,SE-Diabetic,C,0.022195683
1197,SE-Diabetic,C,0
1198,SE-Diabetic,C,0.009624812
1199,SE-Diabetic,C,0.045942268
1200,SE-Diabetic,C,0.006607367
1201,SE-Diabetic,C,0.050281089
1202,SE-Diabetic,C,0.007218
1203,SE-Diabetic,C,0.008544047
1204,SE-Diabetic,C,0.017288803
1205,SE-Diabetic,C,0.00585469
1206,SE-Diabetic,C,0
1207,SE-Diabetic,C,0
1208,SE-Diabetic,C,0.007909746
1209,SE-Diabetic,C,0.009986828
1210,SE-Diabetic,C,0.034697425
1211,SE-Diabetic,C,0.077263664
1212,SE-Diabetic,C,0
1213,SE-Diabetic,C,0.020642615
1214,SE-Diabetic,C,0.033107022
1215,SE-Diabetic,C,0.019891792
1216,SE-Diabetic,C,0.006700123
1217,SE-Diabetic,C,0.002463738
1218,SE-Diabetic,C,0.001594572
1219,SE-Diabetic,C,0.00232645
1220,SE-Diabetic,C,0.002274171
1221,SE-Diabetic,C,0.015832246
1222,SE-Diabetic,C,0.044581276
1223,SE-Diabetic,C,0.003107198
1224,SE-Diabetic,C,0.02128116
1225,SE-Diabetic,C,0.010020051
1226,SE-Diabetic,C,0.003540921
1227,SE-Diabetic,C,0.001840482
1228,SE-Diabetic,C,0.054732816
1229,SE-Diabetic,C,0.002924896
1230,SE-Diabetic,C,0
1231,SE-Diabetic,D,0.010832496
1232,SE-Diabetic,D,0.01284059
1233,SE-Diabetic,D,0.099975138
1234,SE-Diabetic,D,0.008923216
1235,SE-Diabetic,D,0.01296125
1236,SE-Diabetic,D,0.023235894
1237,SE-Diabetic,D,0.11256881
1238,SE-Diabetic,D,0.041898197
1239,SE-Diabetic,D,0.026673445
1240,SE-Diabetic,D,0.007604624
1241,SE-Diabetic,D,0.025333233
1242,SE-Diabetic,D,0.014618506
1243,SE-Diabetic,D,0.028404214
1244,SE-Diabetic,D,0.203710891
1245,SE-Diabetic,D,0
1246,SE-Diabetic,D,0.005492629
1247,SE-Diabetic,D,0.053838363
1248,SE-Diabetic,D,0
1249,SE-Diabetic,D,0.03119406
1250,SE-Diabetic,D,0.028230014
1251,SE-Diabetic,D,0.030080953
1252,SE-Diabetic,D,0.016041133
1253,SE-Diabetic,D,0.027884722
1254,SE-Diabetic,D,0
1255,SE-Diabetic,D,0.020305952
1256,SE-Diabetic,D,0.037250531
1257,SE-Diabetic,D,0.058828952
1258,SE-Diabetic,D,0.006253912
1259,SE-Diabetic,D,0.10360013
1260,SE-Diabetic,D,0.024075394
1261,SE-Diabetic,D,0.037058738
1262,SE-Diabetic,D,0.010251749
1263,SE-Diabetic,D,0.045362669
1264,SE-Diabetic,D,0.01385422
1265,SE-Diabetic,D,0.012372112
1266,SE-Diabetic,D,0.099581112
1267,SE-Diabetic,D,0.009491813
1268,SE-Diabetic,D,0.005485346
1269,SE-Diabetic,D,0.004777775
1270,SE-Diabetic,D,0.020105707
1271,SE-Diabetic,D,0.053529574
1272,SE-Diabetic,D,0.004970109
1273,SE-Diabetic,D,0.055115313
1274,SE-Diabetic,D,0.005911533
1275,SE-Diabetic,D,0.003799727
1276,SE-Diabetic,D,0
1277,SE-Diabetic,D,0
1278,SE-Diabetic,D,0
1279,SE-Diabetic,D,0.004864934
